{
  "appid": "wx8ab54f1cc698afa6",
  "compileType": "miniprogram",
  "libVersion": "3.8.11",
  "cloudfunctionRoot": "cloudfunctions/",
  "packOptions": {
    "ignore": [],
    "include": []
  },
  "setting": {
    "coverView": true,
    "es6": true,
    "postcss": true,
    "minified": false,
    "enhance": true,
    "showShadowRootInWxmlPanel": true,
    "packNpmRelationList": [],
    "babelSetting": {
      "ignore": [],
      "disablePlugins": [],
      "outputPath": ""
    }
  },
  "condition": {},
  "editorSetting": {
    "tabIndent": "insertSpaces",
    "tabSize": 2
  },
  "cloudfunctionTemplateRoot": "cloudfunctionTemplate/"
}